Alt,Direction,Endpoint,INPacketCountArgument,NominalBytesPerInterval,TotalLength,Category,FailedAt,DeviceSpeed,Win32Error,UsbdStatus,BytesTransferred,Result
1,OUT,0x03,N/A,9,9,exact,NONE,HIGH,0,NOT_REPORTED,NOT_REPORTED,ACCEPTED
1,OUT,0x03,N/A,4,4,sub,NONE,HIGH,0,NOT_REPORTED,NOT_REPORTED,ACCEPTED
1,OUT,0x03,N/A,10,10,oversize,NONE,HIGH,0,NOT_REPORTED,NOT_REPORTED,ACCEPTED
1,OUT,0x03,N/A,0,0,zero,SUBMIT_TRANSFER,HIGH,0x000006F8,UNOBSERVED,0,REJECTED
1,OUT,0x03,N/A,9,18,exact,NONE,HIGH,0,NOT_REPORTED,NOT_REPORTED,ACCEPTED
1,OUT,0x03,N/A,4,8,sub,NONE,HIGH,0,NOT_REPORTED,NOT_REPORTED,ACCEPTED
1,OUT,0x03,N/A,10,20,oversize,NONE,HIGH,0,NOT_REPORTED,NOT_REPORTED,ACCEPTED
1,OUT,0x03,N/A,0,0,zero,SUBMIT_TRANSFER,HIGH,0x000006F8,UNOBSERVED,0,REJECTED
1,OUT,0x03,N/A,9,36,exact,NONE,HIGH,0,NOT_REPORTED,NOT_REPORTED,ACCEPTED
1,OUT,0x03,N/A,4,16,sub,NONE,HIGH,0,NOT_REPORTED,NOT_REPORTED,ACCEPTED
1,OUT,0x03,N/A,10,40,oversize,NONE,HIGH,0,NOT_REPORTED,NOT_REPORTED,ACCEPTED
1,OUT,0x03,N/A,0,0,zero,SUBMIT_TRANSFER,HIGH,0x000006F8,UNOBSERVED,0,REJECTED
1,OUT,0x03,N/A,9,72,exact,NONE,HIGH,0,NOT_REPORTED,NOT_REPORTED,ACCEPTED
1,OUT,0x03,N/A,4,32,sub,NONE,HIGH,0,NOT_REPORTED,NOT_REPORTED,ACCEPTED
1,OUT,0x03,N/A,10,80,oversize,NONE,HIGH,0,NOT_REPORTED,NOT_REPORTED,ACCEPTED
1,OUT,0x03,N/A,0,0,zero,SUBMIT_TRANSFER,HIGH,0x000006F8,UNOBSERVED,0,REJECTED
1,OUT,0x03,N/A,9,90,exact,NONE,HIGH,0,NOT_REPORTED,NOT_REPORTED,ACCEPTED
1,OUT,0x03,N/A,4,40,sub,NONE,HIGH,0,NOT_REPORTED,NOT_REPORTED,ACCEPTED
1,OUT,0x03,N/A,10,100,oversize,NONE,HIGH,0,NOT_REPORTED,NOT_REPORTED,ACCEPTED
1,OUT,0x03,N/A,0,0,zero,SUBMIT_TRANSFER,HIGH,0x000006F8,UNOBSERVED,0,REJECTED
1,OUT,0x03,N/A,9,144,exact,NONE,HIGH,0,NOT_REPORTED,NOT_REPORTED,ACCEPTED
1,OUT,0x03,N/A,4,64,sub,NONE,HIGH,0,NOT_REPORTED,NOT_REPORTED,ACCEPTED
1,OUT,0x03,N/A,10,160,oversize,NONE,HIGH,0,NOT_REPORTED,NOT_REPORTED,ACCEPTED
1,OUT,0x03,N/A,0,0,zero,SUBMIT_TRANSFER,HIGH,0x000006F8,UNOBSERVED,0,REJECTED
1,OUT,0x03,N/A,9,180,exact,NONE,HIGH,0,NOT_REPORTED,NOT_REPORTED,ACCEPTED
1,OUT,0x03,N/A,4,80,sub,NONE,HIGH,0,NOT_REPORTED,NOT_REPORTED,ACCEPTED
1,OUT,0x03,N/A,10,200,oversize,NONE,HIGH,0,NOT_REPORTED,NOT_REPORTED,ACCEPTED
1,OUT,0x03,N/A,0,0,zero,SUBMIT_TRANSFER,HIGH,0x000006F8,UNOBSERVED,0,REJECTED
1,OUT,0x03,N/A,9,288,exact,NONE,HIGH,0,NOT_REPORTED,NOT_REPORTED,ACCEPTED
1,OUT,0x03,N/A,4,128,sub,NONE,HIGH,0,NOT_REPORTED,NOT_REPORTED,ACCEPTED
1,OUT,0x03,N/A,10,320,oversize,NONE,HIGH,0,NOT_REPORTED,NOT_REPORTED,ACCEPTED
1,OUT,0x03,N/A,0,0,zero,SUBMIT_TRANSFER,HIGH,0x000006F8,UNOBSERVED,0,REJECTED
1,OUT,0x03,N/A,9,576,exact,NONE,HIGH,0,NOT_REPORTED,NOT_REPORTED,ACCEPTED
1,OUT,0x03,N/A,4,256,sub,NONE,HIGH,0,NOT_REPORTED,NOT_REPORTED,ACCEPTED
1,OUT,0x03,N/A,10,640,oversize,NONE,HIGH,0,NOT_REPORTED,NOT_REPORTED,ACCEPTED
1,OUT,0x03,N/A,0,0,zero,SUBMIT_TRANSFER,HIGH,0x000006F8,UNOBSERVED,0,REJECTED
1,IN,0x83,1,9,9,exact,NONE,HIGH,0,0x00000000,9,ACCEPTED
1,IN,0x83,1,4,4,sub,COMPLETION,HIGH,0x0000007A,UNOBSERVED,0,REJECTED
1,IN,0x83,1,10,10,oversize,SUBMIT_TRANSFER,HIGH,0x000006F8,UNOBSERVED,0,REJECTED
1,IN,0x83,1,0,0,zero,SUBMIT_TRANSFER,HIGH,0x00000057,UNOBSERVED,0,REJECTED
1,IN,0x83,2,9,18,exact,NONE,HIGH,0,0x00000000,18,ACCEPTED
1,IN,0x83,2,4,8,sub,COMPLETION,HIGH,0x0000007A,UNOBSERVED,0,REJECTED
1,IN,0x83,2,10,20,oversize,SUBMIT_TRANSFER,HIGH,0x000006F8,UNOBSERVED,0,REJECTED
1,IN,0x83,2,0,0,zero,SUBMIT_TRANSFER,HIGH,0x00000057,UNOBSERVED,0,REJECTED
1,IN,0x83,4,9,36,exact,NONE,HIGH,0,0x00000000,36,ACCEPTED
1,IN,0x83,4,4,16,sub,COMPLETION,HIGH,0x0000007A,UNOBSERVED,0,REJECTED
1,IN,0x83,4,10,40,oversize,SUBMIT_TRANSFER,HIGH,0x000006F8,UNOBSERVED,0,REJECTED
1,IN,0x83,4,0,0,zero,SUBMIT_TRANSFER,HIGH,0x00000057,UNOBSERVED,0,REJECTED
1,IN,0x83,8,9,72,exact,NONE,HIGH,0,0x00000000,72,ACCEPTED
1,IN,0x83,8,4,32,sub,COMPLETION,HIGH,0x0000007A,UNOBSERVED,0,REJECTED
1,IN,0x83,8,10,80,oversize,SUBMIT_TRANSFER,HIGH,0x000006F8,UNOBSERVED,0,REJECTED
1,IN,0x83,8,0,0,zero,SUBMIT_TRANSFER,HIGH,0x00000057,UNOBSERVED,0,REJECTED
1,IN,0x83,10,9,90,exact,NONE,HIGH,0,0x00000000,90,ACCEPTED
1,IN,0x83,10,4,40,sub,COMPLETION,HIGH,0x0000007A,UNOBSERVED,0,REJECTED
1,IN,0x83,10,10,100,oversize,SUBMIT_TRANSFER,HIGH,0x000006F8,UNOBSERVED,0,REJECTED
1,IN,0x83,10,0,0,zero,SUBMIT_TRANSFER,HIGH,0x00000057,UNOBSERVED,0,REJECTED
1,IN,0x83,16,9,144,exact,NONE,HIGH,0,0x00000000,144,ACCEPTED
1,IN,0x83,16,4,64,sub,COMPLETION,HIGH,0x0000007A,UNOBSERVED,0,REJECTED
1,IN,0x83,16,10,160,oversize,SUBMIT_TRANSFER,HIGH,0x000006F8,UNOBSERVED,0,REJECTED
1,IN,0x83,16,0,0,zero,SUBMIT_TRANSFER,HIGH,0x00000057,UNOBSERVED,0,REJECTED
1,IN,0x83,20,9,180,exact,NONE,HIGH,0,0x00000000,180,ACCEPTED
1,IN,0x83,20,4,80,sub,COMPLETION,HIGH,0x0000007A,UNOBSERVED,0,REJECTED
1,IN,0x83,20,10,200,oversize,SUBMIT_TRANSFER,HIGH,0x000006F8,UNOBSERVED,0,REJECTED
1,IN,0x83,20,0,0,zero,SUBMIT_TRANSFER,HIGH,0x00000057,UNOBSERVED,0,REJECTED
1,IN,0x83,32,9,288,exact,NONE,HIGH,0,0x00000000,288,ACCEPTED
1,IN,0x83,32,4,128,sub,COMPLETION,HIGH,0x0000007A,UNOBSERVED,0,REJECTED
1,IN,0x83,32,10,320,oversize,SUBMIT_TRANSFER,HIGH,0x000006F8,UNOBSERVED,0,REJECTED
1,IN,0x83,32,0,0,zero,SUBMIT_TRANSFER,HIGH,0x00000057,UNOBSERVED,0,REJECTED
1,IN,0x83,64,9,576,exact,NONE,HIGH,0,0x00000000,576,ACCEPTED
1,IN,0x83,64,4,256,sub,COMPLETION,HIGH,0x0000007A,UNOBSERVED,0,REJECTED
1,IN,0x83,64,10,640,oversize,SUBMIT_TRANSFER,HIGH,0x000006F8,UNOBSERVED,0,REJECTED
1,IN,0x83,64,0,0,zero,SUBMIT_TRANSFER,HIGH,0x00000057,UNOBSERVED,0,REJECTED
2,OUT,0x03,N/A,17,17,exact,NONE,HIGH,0,NOT_REPORTED,NOT_REPORTED,ACCEPTED
2,OUT,0x03,N/A,8,8,sub,NONE,HIGH,0,NOT_REPORTED,NOT_REPORTED,ACCEPTED
2,OUT,0x03,N/A,18,18,oversize,NONE,HIGH,0,NOT_REPORTED,NOT_REPORTED,ACCEPTED
2,OUT,0x03,N/A,0,0,zero,SUBMIT_TRANSFER,HIGH,0x000006F8,UNOBSERVED,0,REJECTED
2,OUT,0x03,N/A,17,34,exact,NONE,HIGH,0,NOT_REPORTED,NOT_REPORTED,ACCEPTED
2,OUT,0x03,N/A,8,16,sub,NONE,HIGH,0,NOT_REPORTED,NOT_REPORTED,ACCEPTED
2,OUT,0x03,N/A,18,36,oversize,NONE,HIGH,0,NOT_REPORTED,NOT_REPORTED,ACCEPTED
2,OUT,0x03,N/A,0,0,zero,SUBMIT_TRANSFER,HIGH,0x000006F8,UNOBSERVED,0,REJECTED
2,OUT,0x03,N/A,17,68,exact,NONE,HIGH,0,NOT_REPORTED,NOT_REPORTED,ACCEPTED
2,OUT,0x03,N/A,8,32,sub,NONE,HIGH,0,NOT_REPORTED,NOT_REPORTED,ACCEPTED
2,OUT,0x03,N/A,18,72,oversize,NONE,HIGH,0,NOT_REPORTED,NOT_REPORTED,ACCEPTED
2,OUT,0x03,N/A,0,0,zero,SUBMIT_TRANSFER,HIGH,0x000006F8,UNOBSERVED,0,REJECTED
2,OUT,0x03,N/A,17,136,exact,NONE,HIGH,0,NOT_REPORTED,NOT_REPORTED,ACCEPTED
2,OUT,0x03,N/A,8,64,sub,NONE,HIGH,0,NOT_REPORTED,NOT_REPORTED,ACCEPTED
2,OUT,0x03,N/A,18,144,oversize,NONE,HIGH,0,NOT_REPORTED,NOT_REPORTED,ACCEPTED
2,OUT,0x03,N/A,0,0,zero,SUBMIT_TRANSFER,HIGH,0x000006F8,UNOBSERVED,0,REJECTED
2,OUT,0x03,N/A,17,170,exact,NONE,HIGH,0,NOT_REPORTED,NOT_REPORTED,ACCEPTED
2,OUT,0x03,N/A,8,80,sub,NONE,HIGH,0,NOT_REPORTED,NOT_REPORTED,ACCEPTED
2,OUT,0x03,N/A,18,180,oversize,NONE,HIGH,0,NOT_REPORTED,NOT_REPORTED,ACCEPTED
2,OUT,0x03,N/A,0,0,zero,SUBMIT_TRANSFER,HIGH,0x000006F8,UNOBSERVED,0,REJECTED
2,OUT,0x03,N/A,17,272,exact,NONE,HIGH,0,NOT_REPORTED,NOT_REPORTED,ACCEPTED
2,OUT,0x03,N/A,8,128,sub,NONE,HIGH,0,NOT_REPORTED,NOT_REPORTED,ACCEPTED
2,OUT,0x03,N/A,18,288,oversize,NONE,HIGH,0,NOT_REPORTED,NOT_REPORTED,ACCEPTED
2,OUT,0x03,N/A,0,0,zero,SUBMIT_TRANSFER,HIGH,0x000006F8,UNOBSERVED,0,REJECTED
2,OUT,0x03,N/A,17,340,exact,NONE,HIGH,0,NOT_REPORTED,NOT_REPORTED,ACCEPTED
2,OUT,0x03,N/A,8,160,sub,NONE,HIGH,0,NOT_REPORTED,NOT_REPORTED,ACCEPTED
2,OUT,0x03,N/A,18,360,oversize,NONE,HIGH,0,NOT_REPORTED,NOT_REPORTED,ACCEPTED
2,OUT,0x03,N/A,0,0,zero,SUBMIT_TRANSFER,HIGH,0x000006F8,UNOBSERVED,0,REJECTED
2,OUT,0x03,N/A,17,544,exact,NONE,HIGH,0,NOT_REPORTED,NOT_REPORTED,ACCEPTED
2,OUT,0x03,N/A,8,256,sub,NONE,HIGH,0,NOT_REPORTED,NOT_REPORTED,ACCEPTED
2,OUT,0x03,N/A,18,576,oversize,NONE,HIGH,0,NOT_REPORTED,NOT_REPORTED,ACCEPTED
2,OUT,0x03,N/A,0,0,zero,SUBMIT_TRANSFER,HIGH,0x000006F8,UNOBSERVED,0,REJECTED
2,OUT,0x03,N/A,17,1088,exact,NONE,HIGH,0,NOT_REPORTED,NOT_REPORTED,ACCEPTED
2,OUT,0x03,N/A,8,512,sub,NONE,HIGH,0,NOT_REPORTED,NOT_REPORTED,ACCEPTED
2,OUT,0x03,N/A,18,1152,oversize,NONE,HIGH,0,NOT_REPORTED,NOT_REPORTED,ACCEPTED
2,OUT,0x03,N/A,0,0,zero,SUBMIT_TRANSFER,HIGH,0x000006F8,UNOBSERVED,0,REJECTED
2,IN,0x83,1,17,17,exact,NONE,HIGH,0,0x00000000,17,ACCEPTED
2,IN,0x83,1,8,8,sub,COMPLETION,HIGH,0x0000007A,UNOBSERVED,0,REJECTED
2,IN,0x83,1,18,18,oversize,SUBMIT_TRANSFER,HIGH,0x000006F8,UNOBSERVED,0,REJECTED
2,IN,0x83,1,0,0,zero,SUBMIT_TRANSFER,HIGH,0x00000057,UNOBSERVED,0,REJECTED
2,IN,0x83,2,17,34,exact,NONE,HIGH,0,0x00000000,34,ACCEPTED
2,IN,0x83,2,8,16,sub,COMPLETION,HIGH,0x0000007A,UNOBSERVED,0,REJECTED
2,IN,0x83,2,18,36,oversize,SUBMIT_TRANSFER,HIGH,0x000006F8,UNOBSERVED,0,REJECTED
2,IN,0x83,2,0,0,zero,SUBMIT_TRANSFER,HIGH,0x00000057,UNOBSERVED,0,REJECTED
2,IN,0x83,4,17,68,exact,NONE,HIGH,0,0x00000000,68,ACCEPTED
2,IN,0x83,4,8,32,sub,COMPLETION,HIGH,0x0000007A,UNOBSERVED,0,REJECTED
2,IN,0x83,4,18,72,oversize,SUBMIT_TRANSFER,HIGH,0x000006F8,UNOBSERVED,0,REJECTED
2,IN,0x83,4,0,0,zero,SUBMIT_TRANSFER,HIGH,0x00000057,UNOBSERVED,0,REJECTED
2,IN,0x83,8,17,136,exact,NONE,HIGH,0,0x00000000,136,ACCEPTED
2,IN,0x83,8,8,64,sub,COMPLETION,HIGH,0x0000007A,UNOBSERVED,0,REJECTED
2,IN,0x83,8,18,144,oversize,SUBMIT_TRANSFER,HIGH,0x000006F8,UNOBSERVED,0,REJECTED
2,IN,0x83,8,0,0,zero,SUBMIT_TRANSFER,HIGH,0x00000057,UNOBSERVED,0,REJECTED
2,IN,0x83,10,17,170,exact,NONE,HIGH,0,0x00000000,170,ACCEPTED
2,IN,0x83,10,8,80,sub,COMPLETION,HIGH,0x0000007A,UNOBSERVED,0,REJECTED
2,IN,0x83,10,18,180,oversize,SUBMIT_TRANSFER,HIGH,0x000006F8,UNOBSERVED,0,REJECTED
2,IN,0x83,10,0,0,zero,SUBMIT_TRANSFER,HIGH,0x00000057,UNOBSERVED,0,REJECTED
2,IN,0x83,16,17,272,exact,NONE,HIGH,0,0x00000000,272,ACCEPTED
2,IN,0x83,16,8,128,sub,COMPLETION,HIGH,0x0000007A,UNOBSERVED,0,REJECTED
2,IN,0x83,16,18,288,oversize,SUBMIT_TRANSFER,HIGH,0x000006F8,UNOBSERVED,0,REJECTED
2,IN,0x83,16,0,0,zero,SUBMIT_TRANSFER,HIGH,0x00000057,UNOBSERVED,0,REJECTED
2,IN,0x83,20,17,340,exact,NONE,HIGH,0,0x00000000,340,ACCEPTED
2,IN,0x83,20,8,160,sub,COMPLETION,HIGH,0x0000007A,UNOBSERVED,0,REJECTED
2,IN,0x83,20,18,360,oversize,SUBMIT_TRANSFER,HIGH,0x000006F8,UNOBSERVED,0,REJECTED
2,IN,0x83,20,0,0,zero,SUBMIT_TRANSFER,HIGH,0x00000057,UNOBSERVED,0,REJECTED
2,IN,0x83,32,17,544,exact,NONE,HIGH,0,0x00000000,544,ACCEPTED
2,IN,0x83,32,8,256,sub,COMPLETION,HIGH,0x0000007A,UNOBSERVED,0,REJECTED
2,IN,0x83,32,18,576,oversize,SUBMIT_TRANSFER,HIGH,0x000006F8,UNOBSERVED,0,REJECTED
2,IN,0x83,32,0,0,zero,SUBMIT_TRANSFER,HIGH,0x00000057,UNOBSERVED,0,REJECTED
2,IN,0x83,64,17,1088,exact,NONE,HIGH,0,0x00000000,1088,ACCEPTED
2,IN,0x83,64,8,512,sub,COMPLETION,HIGH,0x0000007A,UNOBSERVED,0,REJECTED
2,IN,0x83,64,18,1152,oversize,SUBMIT_TRANSFER,HIGH,0x000006F8,UNOBSERVED,0,REJECTED
2,IN,0x83,64,0,0,zero,SUBMIT_TRANSFER,HIGH,0x00000057,UNOBSERVED,0,REJECTED
3,OUT,0x03,N/A,25,25,exact,NONE,HIGH,0,NOT_REPORTED,NOT_REPORTED,ACCEPTED
3,OUT,0x03,N/A,12,12,sub,NONE,HIGH,0,NOT_REPORTED,NOT_REPORTED,ACCEPTED
3,OUT,0x03,N/A,26,26,oversize,NONE,HIGH,0,NOT_REPORTED,NOT_REPORTED,ACCEPTED
3,OUT,0x03,N/A,0,0,zero,SUBMIT_TRANSFER,HIGH,0x000006F8,UNOBSERVED,0,REJECTED
3,OUT,0x03,N/A,25,50,exact,NONE,HIGH,0,NOT_REPORTED,NOT_REPORTED,ACCEPTED
3,OUT,0x03,N/A,12,24,sub,NONE,HIGH,0,NOT_REPORTED,NOT_REPORTED,ACCEPTED
3,OUT,0x03,N/A,26,52,oversize,NONE,HIGH,0,NOT_REPORTED,NOT_REPORTED,ACCEPTED
3,OUT,0x03,N/A,0,0,zero,SUBMIT_TRANSFER,HIGH,0x000006F8,UNOBSERVED,0,REJECTED
3,OUT,0x03,N/A,25,100,exact,NONE,HIGH,0,NOT_REPORTED,NOT_REPORTED,ACCEPTED
3,OUT,0x03,N/A,12,48,sub,NONE,HIGH,0,NOT_REPORTED,NOT_REPORTED,ACCEPTED
3,OUT,0x03,N/A,26,104,oversize,NONE,HIGH,0,NOT_REPORTED,NOT_REPORTED,ACCEPTED
3,OUT,0x03,N/A,0,0,zero,SUBMIT_TRANSFER,HIGH,0x000006F8,UNOBSERVED,0,REJECTED
3,OUT,0x03,N/A,25,200,exact,NONE,HIGH,0,NOT_REPORTED,NOT_REPORTED,ACCEPTED
3,OUT,0x03,N/A,12,96,sub,NONE,HIGH,0,NOT_REPORTED,NOT_REPORTED,ACCEPTED
3,OUT,0x03,N/A,26,208,oversize,NONE,HIGH,0,NOT_REPORTED,NOT_REPORTED,ACCEPTED
3,OUT,0x03,N/A,0,0,zero,SUBMIT_TRANSFER,HIGH,0x000006F8,UNOBSERVED,0,REJECTED
3,OUT,0x03,N/A,25,250,exact,NONE,HIGH,0,NOT_REPORTED,NOT_REPORTED,ACCEPTED
3,OUT,0x03,N/A,12,120,sub,NONE,HIGH,0,NOT_REPORTED,NOT_REPORTED,ACCEPTED
3,OUT,0x03,N/A,26,260,oversize,NONE,HIGH,0,NOT_REPORTED,NOT_REPORTED,ACCEPTED
3,OUT,0x03,N/A,0,0,zero,SUBMIT_TRANSFER,HIGH,0x000006F8,UNOBSERVED,0,REJECTED
3,OUT,0x03,N/A,25,400,exact,NONE,HIGH,0,NOT_REPORTED,NOT_REPORTED,ACCEPTED
3,OUT,0x03,N/A,12,192,sub,NONE,HIGH,0,NOT_REPORTED,NOT_REPORTED,ACCEPTED
3,OUT,0x03,N/A,26,416,oversize,NONE,HIGH,0,NOT_REPORTED,NOT_REPORTED,ACCEPTED
3,OUT,0x03,N/A,0,0,zero,SUBMIT_TRANSFER,HIGH,0x000006F8,UNOBSERVED,0,REJECTED
3,OUT,0x03,N/A,25,500,exact,NONE,HIGH,0,NOT_REPORTED,NOT_REPORTED,ACCEPTED
3,OUT,0x03,N/A,12,240,sub,NONE,HIGH,0,NOT_REPORTED,NOT_REPORTED,ACCEPTED
3,OUT,0x03,N/A,26,520,oversize,NONE,HIGH,0,NOT_REPORTED,NOT_REPORTED,ACCEPTED
3,OUT,0x03,N/A,0,0,zero,SUBMIT_TRANSFER,HIGH,0x000006F8,UNOBSERVED,0,REJECTED
3,OUT,0x03,N/A,25,800,exact,NONE,HIGH,0,NOT_REPORTED,NOT_REPORTED,ACCEPTED
3,OUT,0x03,N/A,12,384,sub,NONE,HIGH,0,NOT_REPORTED,NOT_REPORTED,ACCEPTED
3,OUT,0x03,N/A,26,832,oversize,NONE,HIGH,0,NOT_REPORTED,NOT_REPORTED,ACCEPTED
3,OUT,0x03,N/A,0,0,zero,SUBMIT_TRANSFER,HIGH,0x000006F8,UNOBSERVED,0,REJECTED
3,OUT,0x03,N/A,25,1600,exact,NONE,HIGH,0,NOT_REPORTED,NOT_REPORTED,ACCEPTED
3,OUT,0x03,N/A,12,768,sub,NONE,HIGH,0,NOT_REPORTED,NOT_REPORTED,ACCEPTED
3,OUT,0x03,N/A,26,1664,oversize,NONE,HIGH,0,NOT_REPORTED,NOT_REPORTED,ACCEPTED
3,OUT,0x03,N/A,0,0,zero,SUBMIT_TRANSFER,HIGH,0x000006F8,UNOBSERVED,0,REJECTED
3,IN,0x83,1,25,25,exact,NONE,HIGH,0,0x00000000,25,ACCEPTED
3,IN,0x83,1,12,12,sub,COMPLETION,HIGH,0x0000007A,UNOBSERVED,0,REJECTED
3,IN,0x83,1,26,26,oversize,SUBMIT_TRANSFER,HIGH,0x000006F8,UNOBSERVED,0,REJECTED
3,IN,0x83,1,0,0,zero,SUBMIT_TRANSFER,HIGH,0x00000057,UNOBSERVED,0,REJECTED
3,IN,0x83,2,25,50,exact,NONE,HIGH,0,0x00000000,50,ACCEPTED
3,IN,0x83,2,12,24,sub,COMPLETION,HIGH,0x0000007A,UNOBSERVED,0,REJECTED
3,IN,0x83,2,26,52,oversize,SUBMIT_TRANSFER,HIGH,0x000006F8,UNOBSERVED,0,REJECTED
3,IN,0x83,2,0,0,zero,SUBMIT_TRANSFER,HIGH,0x00000057,UNOBSERVED,0,REJECTED
3,IN,0x83,4,25,100,exact,NONE,HIGH,0,0x00000000,100,ACCEPTED
3,IN,0x83,4,12,48,sub,COMPLETION,HIGH,0x0000007A,UNOBSERVED,0,REJECTED
3,IN,0x83,4,26,104,oversize,SUBMIT_TRANSFER,HIGH,0x000006F8,UNOBSERVED,0,REJECTED
3,IN,0x83,4,0,0,zero,SUBMIT_TRANSFER,HIGH,0x00000057,UNOBSERVED,0,REJECTED
3,IN,0x83,8,25,200,exact,NONE,HIGH,0,0x00000000,200,ACCEPTED
3,IN,0x83,8,12,96,sub,COMPLETION,HIGH,0x0000007A,UNOBSERVED,0,REJECTED
3,IN,0x83,8,26,208,oversize,SUBMIT_TRANSFER,HIGH,0x000006F8,UNOBSERVED,0,REJECTED
3,IN,0x83,8,0,0,zero,SUBMIT_TRANSFER,HIGH,0x00000057,UNOBSERVED,0,REJECTED
3,IN,0x83,10,25,250,exact,NONE,HIGH,0,0x00000000,250,ACCEPTED
3,IN,0x83,10,12,120,sub,COMPLETION,HIGH,0x0000007A,UNOBSERVED,0,REJECTED
3,IN,0x83,10,26,260,oversize,SUBMIT_TRANSFER,HIGH,0x000006F8,UNOBSERVED,0,REJECTED
3,IN,0x83,10,0,0,zero,SUBMIT_TRANSFER,HIGH,0x00000057,UNOBSERVED,0,REJECTED
3,IN,0x83,16,25,400,exact,NONE,HIGH,0,0x00000000,400,ACCEPTED
3,IN,0x83,16,12,192,sub,COMPLETION,HIGH,0x0000007A,UNOBSERVED,0,REJECTED
3,IN,0x83,16,26,416,oversize,SUBMIT_TRANSFER,HIGH,0x000006F8,UNOBSERVED,0,REJECTED
3,IN,0x83,16,0,0,zero,SUBMIT_TRANSFER,HIGH,0x00000057,UNOBSERVED,0,REJECTED
3,IN,0x83,20,25,500,exact,NONE,HIGH,0,0x00000000,500,ACCEPTED
3,IN,0x83,20,12,240,sub,COMPLETION,HIGH,0x0000007A,UNOBSERVED,0,REJECTED
3,IN,0x83,20,26,520,oversize,SUBMIT_TRANSFER,HIGH,0x000006F8,UNOBSERVED,0,REJECTED
3,IN,0x83,20,0,0,zero,SUBMIT_TRANSFER,HIGH,0x00000057,UNOBSERVED,0,REJECTED
3,IN,0x83,32,25,800,exact,NONE,HIGH,0,0x00000000,800,ACCEPTED
3,IN,0x83,32,12,384,sub,COMPLETION,HIGH,0x0000007A,UNOBSERVED,0,REJECTED
3,IN,0x83,32,26,832,oversize,SUBMIT_TRANSFER,HIGH,0x000006F8,UNOBSERVED,0,REJECTED
3,IN,0x83,32,0,0,zero,SUBMIT_TRANSFER,HIGH,0x00000057,UNOBSERVED,0,REJECTED
3,IN,0x83,64,25,1600,exact,NONE,HIGH,0,0x00000000,1600,ACCEPTED
3,IN,0x83,64,12,768,sub,COMPLETION,HIGH,0x0000007A,UNOBSERVED,0,REJECTED
3,IN,0x83,64,26,1664,oversize,SUBMIT_TRANSFER,HIGH,0x000006F8,UNOBSERVED,0,REJECTED
3,IN,0x83,64,0,0,zero,SUBMIT_TRANSFER,HIGH,0x00000057,UNOBSERVED,0,REJECTED
4,OUT,0x03,N/A,33,33,exact,NONE,HIGH,0,NOT_REPORTED,NOT_REPORTED,ACCEPTED
4,OUT,0x03,N/A,16,16,sub,NONE,HIGH,0,NOT_REPORTED,NOT_REPORTED,ACCEPTED
4,OUT,0x03,N/A,34,34,oversize,NONE,HIGH,0,NOT_REPORTED,NOT_REPORTED,ACCEPTED
4,OUT,0x03,N/A,0,0,zero,SUBMIT_TRANSFER,HIGH,0x000006F8,UNOBSERVED,0,REJECTED
4,OUT,0x03,N/A,33,66,exact,NONE,HIGH,0,NOT_REPORTED,NOT_REPORTED,ACCEPTED
4,OUT,0x03,N/A,16,32,sub,NONE,HIGH,0,NOT_REPORTED,NOT_REPORTED,ACCEPTED
4,OUT,0x03,N/A,34,68,oversize,NONE,HIGH,0,NOT_REPORTED,NOT_REPORTED,ACCEPTED
4,OUT,0x03,N/A,0,0,zero,SUBMIT_TRANSFER,HIGH,0x000006F8,UNOBSERVED,0,REJECTED
4,OUT,0x03,N/A,33,132,exact,NONE,HIGH,0,NOT_REPORTED,NOT_REPORTED,ACCEPTED
4,OUT,0x03,N/A,16,64,sub,NONE,HIGH,0,NOT_REPORTED,NOT_REPORTED,ACCEPTED
4,OUT,0x03,N/A,34,136,oversize,NONE,HIGH,0,NOT_REPORTED,NOT_REPORTED,ACCEPTED
4,OUT,0x03,N/A,0,0,zero,SUBMIT_TRANSFER,HIGH,0x000006F8,UNOBSERVED,0,REJECTED
4,OUT,0x03,N/A,33,264,exact,NONE,HIGH,0,NOT_REPORTED,NOT_REPORTED,ACCEPTED
4,OUT,0x03,N/A,16,128,sub,NONE,HIGH,0,NOT_REPORTED,NOT_REPORTED,ACCEPTED
4,OUT,0x03,N/A,34,272,oversize,NONE,HIGH,0,NOT_REPORTED,NOT_REPORTED,ACCEPTED
4,OUT,0x03,N/A,0,0,zero,SUBMIT_TRANSFER,HIGH,0x000006F8,UNOBSERVED,0,REJECTED
4,OUT,0x03,N/A,33,330,exact,NONE,HIGH,0,NOT_REPORTED,NOT_REPORTED,ACCEPTED
4,OUT,0x03,N/A,16,160,sub,NONE,HIGH,0,NOT_REPORTED,NOT_REPORTED,ACCEPTED
4,OUT,0x03,N/A,34,340,oversize,NONE,HIGH,0,NOT_REPORTED,NOT_REPORTED,ACCEPTED
4,OUT,0x03,N/A,0,0,zero,SUBMIT_TRANSFER,HIGH,0x000006F8,UNOBSERVED,0,REJECTED
4,OUT,0x03,N/A,33,528,exact,NONE,HIGH,0,NOT_REPORTED,NOT_REPORTED,ACCEPTED
4,OUT,0x03,N/A,16,256,sub,NONE,HIGH,0,NOT_REPORTED,NOT_REPORTED,ACCEPTED
4,OUT,0x03,N/A,34,544,oversize,NONE,HIGH,0,NOT_REPORTED,NOT_REPORTED,ACCEPTED
4,OUT,0x03,N/A,0,0,zero,SUBMIT_TRANSFER,HIGH,0x000006F8,UNOBSERVED,0,REJECTED
4,OUT,0x03,N/A,33,660,exact,NONE,HIGH,0,NOT_REPORTED,NOT_REPORTED,ACCEPTED
4,OUT,0x03,N/A,16,320,sub,NONE,HIGH,0,NOT_REPORTED,NOT_REPORTED,ACCEPTED
4,OUT,0x03,N/A,34,680,oversize,NONE,HIGH,0,NOT_REPORTED,NOT_REPORTED,ACCEPTED
4,OUT,0x03,N/A,0,0,zero,SUBMIT_TRANSFER,HIGH,0x000006F8,UNOBSERVED,0,REJECTED
4,OUT,0x03,N/A,33,1056,exact,NONE,HIGH,0,NOT_REPORTED,NOT_REPORTED,ACCEPTED
4,OUT,0x03,N/A,16,512,sub,NONE,HIGH,0,NOT_REPORTED,NOT_REPORTED,ACCEPTED
4,OUT,0x03,N/A,34,1088,oversize,NONE,HIGH,0,NOT_REPORTED,NOT_REPORTED,ACCEPTED
4,OUT,0x03,N/A,0,0,zero,SUBMIT_TRANSFER,HIGH,0x000006F8,UNOBSERVED,0,REJECTED
4,OUT,0x03,N/A,33,2112,exact,NONE,HIGH,0,NOT_REPORTED,NOT_REPORTED,ACCEPTED
4,OUT,0x03,N/A,16,1024,sub,NONE,HIGH,0,NOT_REPORTED,NOT_REPORTED,ACCEPTED
4,OUT,0x03,N/A,34,2176,oversize,NONE,HIGH,0,NOT_REPORTED,NOT_REPORTED,ACCEPTED
4,OUT,0x03,N/A,0,0,zero,SUBMIT_TRANSFER,HIGH,0x000006F8,UNOBSERVED,0,REJECTED
4,IN,0x83,1,33,33,exact,NONE,HIGH,0,0x00000000,33,ACCEPTED
4,IN,0x83,1,16,16,sub,COMPLETION,HIGH,0x0000007A,UNOBSERVED,0,REJECTED
4,IN,0x83,1,34,34,oversize,SUBMIT_TRANSFER,HIGH,0x000006F8,UNOBSERVED,0,REJECTED
4,IN,0x83,1,0,0,zero,SUBMIT_TRANSFER,HIGH,0x00000057,UNOBSERVED,0,REJECTED
4,IN,0x83,2,33,66,exact,NONE,HIGH,0,0x00000000,66,ACCEPTED
4,IN,0x83,2,16,32,sub,COMPLETION,HIGH,0x0000007A,UNOBSERVED,0,REJECTED
4,IN,0x83,2,34,68,oversize,SUBMIT_TRANSFER,HIGH,0x000006F8,UNOBSERVED,0,REJECTED
4,IN,0x83,2,0,0,zero,SUBMIT_TRANSFER,HIGH,0x00000057,UNOBSERVED,0,REJECTED
4,IN,0x83,4,33,132,exact,NONE,HIGH,0,0x00000000,132,ACCEPTED
4,IN,0x83,4,16,64,sub,COMPLETION,HIGH,0x0000007A,UNOBSERVED,0,REJECTED
4,IN,0x83,4,34,136,oversize,SUBMIT_TRANSFER,HIGH,0x000006F8,UNOBSERVED,0,REJECTED
4,IN,0x83,4,0,0,zero,SUBMIT_TRANSFER,HIGH,0x00000057,UNOBSERVED,0,REJECTED
4,IN,0x83,8,33,264,exact,NONE,HIGH,0,0x00000000,264,ACCEPTED
4,IN,0x83,8,16,128,sub,COMPLETION,HIGH,0x0000007A,UNOBSERVED,0,REJECTED
4,IN,0x83,8,34,272,oversize,SUBMIT_TRANSFER,HIGH,0x000006F8,UNOBSERVED,0,REJECTED
4,IN,0x83,8,0,0,zero,SUBMIT_TRANSFER,HIGH,0x00000057,UNOBSERVED,0,REJECTED
4,IN,0x83,10,33,330,exact,NONE,HIGH,0,0x00000000,330,ACCEPTED
4,IN,0x83,10,16,160,sub,COMPLETION,HIGH,0x0000007A,UNOBSERVED,0,REJECTED
4,IN,0x83,10,34,340,oversize,SUBMIT_TRANSFER,HIGH,0x000006F8,UNOBSERVED,0,REJECTED
4,IN,0x83,10,0,0,zero,SUBMIT_TRANSFER,HIGH,0x00000057,UNOBSERVED,0,REJECTED
4,IN,0x83,16,33,528,exact,NONE,HIGH,0,0x00000000,528,ACCEPTED
4,IN,0x83,16,16,256,sub,COMPLETION,HIGH,0x0000007A,UNOBSERVED,0,REJECTED
4,IN,0x83,16,34,544,oversize,SUBMIT_TRANSFER,HIGH,0x000006F8,UNOBSERVED,0,REJECTED
4,IN,0x83,16,0,0,zero,SUBMIT_TRANSFER,HIGH,0x00000057,UNOBSERVED,0,REJECTED
4,IN,0x83,20,33,660,exact,NONE,HIGH,0,0x00000000,660,ACCEPTED
4,IN,0x83,20,16,320,sub,COMPLETION,HIGH,0x0000007A,UNOBSERVED,0,REJECTED
4,IN,0x83,20,34,680,oversize,SUBMIT_TRANSFER,HIGH,0x000006F8,UNOBSERVED,0,REJECTED
4,IN,0x83,20,0,0,zero,SUBMIT_TRANSFER,HIGH,0x00000057,UNOBSERVED,0,REJECTED
4,IN,0x83,32,33,1056,exact,NONE,HIGH,0,0x00000000,1056,ACCEPTED
4,IN,0x83,32,16,512,sub,COMPLETION,HIGH,0x0000007A,UNOBSERVED,0,REJECTED
4,IN,0x83,32,34,1088,oversize,SUBMIT_TRANSFER,HIGH,0x000006F8,UNOBSERVED,0,REJECTED
4,IN,0x83,32,0,0,zero,SUBMIT_TRANSFER,HIGH,0x00000057,UNOBSERVED,0,REJECTED
4,IN,0x83,64,33,2112,exact,NONE,HIGH,0,0x00000000,2112,ACCEPTED
4,IN,0x83,64,16,1024,sub,COMPLETION,HIGH,0x0000007A,UNOBSERVED,0,REJECTED
4,IN,0x83,64,34,2176,oversize,SUBMIT_TRANSFER,HIGH,0x000006F8,UNOBSERVED,0,REJECTED
4,IN,0x83,64,0,0,zero,SUBMIT_TRANSFER,HIGH,0x00000057,UNOBSERVED,0,REJECTED
5,OUT,0x03,N/A,49,49,exact,NONE,HIGH,0,NOT_REPORTED,NOT_REPORTED,ACCEPTED
5,OUT,0x03,N/A,24,24,sub,NONE,HIGH,0,NOT_REPORTED,NOT_REPORTED,ACCEPTED
5,OUT,0x03,N/A,50,50,oversize,NONE,HIGH,0,NOT_REPORTED,NOT_REPORTED,ACCEPTED
5,OUT,0x03,N/A,0,0,zero,SUBMIT_TRANSFER,HIGH,0x000006F8,UNOBSERVED,0,REJECTED
5,OUT,0x03,N/A,49,98,exact,NONE,HIGH,0,NOT_REPORTED,NOT_REPORTED,ACCEPTED
5,OUT,0x03,N/A,24,48,sub,NONE,HIGH,0,NOT_REPORTED,NOT_REPORTED,ACCEPTED
5,OUT,0x03,N/A,50,100,oversize,NONE,HIGH,0,NOT_REPORTED,NOT_REPORTED,ACCEPTED
5,OUT,0x03,N/A,0,0,zero,SUBMIT_TRANSFER,HIGH,0x000006F8,UNOBSERVED,0,REJECTED
5,OUT,0x03,N/A,49,196,exact,NONE,HIGH,0,NOT_REPORTED,NOT_REPORTED,ACCEPTED
5,OUT,0x03,N/A,24,96,sub,NONE,HIGH,0,NOT_REPORTED,NOT_REPORTED,ACCEPTED
5,OUT,0x03,N/A,50,200,oversize,NONE,HIGH,0,NOT_REPORTED,NOT_REPORTED,ACCEPTED
5,OUT,0x03,N/A,0,0,zero,SUBMIT_TRANSFER,HIGH,0x000006F8,UNOBSERVED,0,REJECTED
5,OUT,0x03,N/A,49,392,exact,NONE,HIGH,0,NOT_REPORTED,NOT_REPORTED,ACCEPTED
5,OUT,0x03,N/A,24,192,sub,NONE,HIGH,0,NOT_REPORTED,NOT_REPORTED,ACCEPTED
5,OUT,0x03,N/A,50,400,oversize,NONE,HIGH,0,NOT_REPORTED,NOT_REPORTED,ACCEPTED
5,OUT,0x03,N/A,0,0,zero,SUBMIT_TRANSFER,HIGH,0x000006F8,UNOBSERVED,0,REJECTED
5,OUT,0x03,N/A,49,490,exact,NONE,HIGH,0,NOT_REPORTED,NOT_REPORTED,ACCEPTED
5,OUT,0x03,N/A,24,240,sub,NONE,HIGH,0,NOT_REPORTED,NOT_REPORTED,ACCEPTED
5,OUT,0x03,N/A,50,500,oversize,NONE,HIGH,0,NOT_REPORTED,NOT_REPORTED,ACCEPTED
5,OUT,0x03,N/A,0,0,zero,SUBMIT_TRANSFER,HIGH,0x000006F8,UNOBSERVED,0,REJECTED
5,OUT,0x03,N/A,49,784,exact,NONE,HIGH,0,NOT_REPORTED,NOT_REPORTED,ACCEPTED
5,OUT,0x03,N/A,24,384,sub,NONE,HIGH,0,NOT_REPORTED,NOT_REPORTED,ACCEPTED
5,OUT,0x03,N/A,50,800,oversize,NONE,HIGH,0,NOT_REPORTED,NOT_REPORTED,ACCEPTED
5,OUT,0x03,N/A,0,0,zero,SUBMIT_TRANSFER,HIGH,0x000006F8,UNOBSERVED,0,REJECTED
5,OUT,0x03,N/A,49,980,exact,NONE,HIGH,0,NOT_REPORTED,NOT_REPORTED,ACCEPTED
5,OUT,0x03,N/A,24,480,sub,NONE,HIGH,0,NOT_REPORTED,NOT_REPORTED,ACCEPTED
5,OUT,0x03,N/A,50,1000,oversize,NONE,HIGH,0,NOT_REPORTED,NOT_REPORTED,ACCEPTED
5,OUT,0x03,N/A,0,0,zero,SUBMIT_TRANSFER,HIGH,0x000006F8,UNOBSERVED,0,REJECTED
5,OUT,0x03,N/A,49,1568,exact,NONE,HIGH,0,NOT_REPORTED,NOT_REPORTED,ACCEPTED
5,OUT,0x03,N/A,24,768,sub,NONE,HIGH,0,NOT_REPORTED,NOT_REPORTED,ACCEPTED
5,OUT,0x03,N/A,50,1600,oversize,NONE,HIGH,0,NOT_REPORTED,NOT_REPORTED,ACCEPTED
5,OUT,0x03,N/A,0,0,zero,SUBMIT_TRANSFER,HIGH,0x000006F8,UNOBSERVED,0,REJECTED
5,OUT,0x03,N/A,49,3136,exact,NONE,HIGH,0,NOT_REPORTED,NOT_REPORTED,ACCEPTED
5,OUT,0x03,N/A,24,1536,sub,NONE,HIGH,0,NOT_REPORTED,NOT_REPORTED,ACCEPTED
5,OUT,0x03,N/A,50,3200,oversize,NONE,HIGH,0,NOT_REPORTED,NOT_REPORTED,ACCEPTED
5,OUT,0x03,N/A,0,0,zero,SUBMIT_TRANSFER,HIGH,0x000006F8,UNOBSERVED,0,REJECTED
5,IN,0x83,1,49,49,exact,NONE,HIGH,0,0x00000000,49,ACCEPTED
5,IN,0x83,1,24,24,sub,COMPLETION,HIGH,0x0000007A,UNOBSERVED,0,REJECTED
5,IN,0x83,1,50,50,oversize,SUBMIT_TRANSFER,HIGH,0x000006F8,UNOBSERVED,0,REJECTED
5,IN,0x83,1,0,0,zero,SUBMIT_TRANSFER,HIGH,0x00000057,UNOBSERVED,0,REJECTED
5,IN,0x83,2,49,98,exact,NONE,HIGH,0,0x00000000,98,ACCEPTED
5,IN,0x83,2,24,48,sub,COMPLETION,HIGH,0x0000007A,UNOBSERVED,0,REJECTED
5,IN,0x83,2,50,100,oversize,SUBMIT_TRANSFER,HIGH,0x000006F8,UNOBSERVED,0,REJECTED
5,IN,0x83,2,0,0,zero,SUBMIT_TRANSFER,HIGH,0x00000057,UNOBSERVED,0,REJECTED
5,IN,0x83,4,49,196,exact,NONE,HIGH,0,0x00000000,196,ACCEPTED
5,IN,0x83,4,24,96,sub,COMPLETION,HIGH,0x0000007A,UNOBSERVED,0,REJECTED
5,IN,0x83,4,50,200,oversize,SUBMIT_TRANSFER,HIGH,0x000006F8,UNOBSERVED,0,REJECTED
5,IN,0x83,4,0,0,zero,SUBMIT_TRANSFER,HIGH,0x00000057,UNOBSERVED,0,REJECTED
5,IN,0x83,8,49,392,exact,NONE,HIGH,0,0x00000000,392,ACCEPTED
5,IN,0x83,8,24,192,sub,COMPLETION,HIGH,0x0000007A,UNOBSERVED,0,REJECTED
5,IN,0x83,8,50,400,oversize,SUBMIT_TRANSFER,HIGH,0x000006F8,UNOBSERVED,0,REJECTED
5,IN,0x83,8,0,0,zero,SUBMIT_TRANSFER,HIGH,0x00000057,UNOBSERVED,0,REJECTED
5,IN,0x83,10,49,490,exact,NONE,HIGH,0,0x00000000,490,ACCEPTED
5,IN,0x83,10,24,240,sub,COMPLETION,HIGH,0x0000007A,UNOBSERVED,0,REJECTED
5,IN,0x83,10,50,500,oversize,SUBMIT_TRANSFER,HIGH,0x000006F8,UNOBSERVED,0,REJECTED
5,IN,0x83,10,0,0,zero,SUBMIT_TRANSFER,HIGH,0x00000057,UNOBSERVED,0,REJECTED
5,IN,0x83,16,49,784,exact,NONE,HIGH,0,0x00000000,784,ACCEPTED
5,IN,0x83,16,24,384,sub,COMPLETION,HIGH,0x0000007A,UNOBSERVED,0,REJECTED
5,IN,0x83,16,50,800,oversize,SUBMIT_TRANSFER,HIGH,0x000006F8,UNOBSERVED,0,REJECTED
5,IN,0x83,16,0,0,zero,SUBMIT_TRANSFER,HIGH,0x00000057,UNOBSERVED,0,REJECTED
5,IN,0x83,20,49,980,exact,NONE,HIGH,0,0x00000000,980,ACCEPTED
5,IN,0x83,20,24,480,sub,COMPLETION,HIGH,0x0000007A,UNOBSERVED,0,REJECTED
5,IN,0x83,20,50,1000,oversize,SUBMIT_TRANSFER,HIGH,0x000006F8,UNOBSERVED,0,REJECTED
5,IN,0x83,20,0,0,zero,SUBMIT_TRANSFER,HIGH,0x00000057,UNOBSERVED,0,REJECTED
5,IN,0x83,32,49,1568,exact,NONE,HIGH,0,0x00000000,1568,ACCEPTED
5,IN,0x83,32,24,768,sub,COMPLETION,HIGH,0x0000007A,UNOBSERVED,0,REJECTED
5,IN,0x83,32,50,1600,oversize,SUBMIT_TRANSFER,HIGH,0x000006F8,UNOBSERVED,0,REJECTED
5,IN,0x83,32,0,0,zero,SUBMIT_TRANSFER,HIGH,0x00000057,UNOBSERVED,0,REJECTED
5,IN,0x83,64,49,3136,exact,NONE,HIGH,0,0x00000000,3136,ACCEPTED
5,IN,0x83,64,24,1536,sub,COMPLETION,HIGH,0x0000007A,UNOBSERVED,0,REJECTED
5,IN,0x83,64,50,3200,oversize,SUBMIT_TRANSFER,HIGH,0x000006F8,UNOBSERVED,0,REJECTED
5,IN,0x83,64,0,0,zero,SUBMIT_TRANSFER,HIGH,0x00000057,UNOBSERVED,0,REJECTED
6,OUT,0x03,N/A,63,63,exact,NONE,HIGH,0,NOT_REPORTED,NOT_REPORTED,ACCEPTED
6,OUT,0x03,N/A,31,31,sub,NONE,HIGH,0,NOT_REPORTED,NOT_REPORTED,ACCEPTED
6,OUT,0x03,N/A,64,64,oversize,NONE,HIGH,0,NOT_REPORTED,NOT_REPORTED,ACCEPTED
6,OUT,0x03,N/A,0,0,zero,SUBMIT_TRANSFER,HIGH,0x000006F8,UNOBSERVED,0,REJECTED
6,OUT,0x03,N/A,63,126,exact,NONE,HIGH,0,NOT_REPORTED,NOT_REPORTED,ACCEPTED
6,OUT,0x03,N/A,31,62,sub,NONE,HIGH,0,NOT_REPORTED,NOT_REPORTED,ACCEPTED
6,OUT,0x03,N/A,64,128,oversize,NONE,HIGH,0,NOT_REPORTED,NOT_REPORTED,ACCEPTED
6,OUT,0x03,N/A,0,0,zero,SUBMIT_TRANSFER,HIGH,0x000006F8,UNOBSERVED,0,REJECTED
6,OUT,0x03,N/A,63,252,exact,NONE,HIGH,0,NOT_REPORTED,NOT_REPORTED,ACCEPTED
6,OUT,0x03,N/A,31,124,sub,NONE,HIGH,0,NOT_REPORTED,NOT_REPORTED,ACCEPTED
6,OUT,0x03,N/A,64,256,oversize,NONE,HIGH,0,NOT_REPORTED,NOT_REPORTED,ACCEPTED
6,OUT,0x03,N/A,0,0,zero,SUBMIT_TRANSFER,HIGH,0x000006F8,UNOBSERVED,0,REJECTED
6,OUT,0x03,N/A,63,504,exact,NONE,HIGH,0,NOT_REPORTED,NOT_REPORTED,ACCEPTED
6,OUT,0x03,N/A,31,248,sub,NONE,HIGH,0,NOT_REPORTED,NOT_REPORTED,ACCEPTED
6,OUT,0x03,N/A,64,512,oversize,NONE,HIGH,0,NOT_REPORTED,NOT_REPORTED,ACCEPTED
6,OUT,0x03,N/A,0,0,zero,SUBMIT_TRANSFER,HIGH,0x000006F8,UNOBSERVED,0,REJECTED
6,OUT,0x03,N/A,63,630,exact,NONE,HIGH,0,NOT_REPORTED,NOT_REPORTED,ACCEPTED
6,OUT,0x03,N/A,31,310,sub,NONE,HIGH,0,NOT_REPORTED,NOT_REPORTED,ACCEPTED
6,OUT,0x03,N/A,64,640,oversize,NONE,HIGH,0,NOT_REPORTED,NOT_REPORTED,ACCEPTED
6,OUT,0x03,N/A,0,0,zero,SUBMIT_TRANSFER,HIGH,0x000006F8,UNOBSERVED,0,REJECTED
6,OUT,0x03,N/A,63,1008,exact,NONE,HIGH,0,NOT_REPORTED,NOT_REPORTED,ACCEPTED
6,OUT,0x03,N/A,31,496,sub,NONE,HIGH,0,NOT_REPORTED,NOT_REPORTED,ACCEPTED
6,OUT,0x03,N/A,64,1024,oversize,NONE,HIGH,0,NOT_REPORTED,NOT_REPORTED,ACCEPTED
6,OUT,0x03,N/A,0,0,zero,SUBMIT_TRANSFER,HIGH,0x000006F8,UNOBSERVED,0,REJECTED
6,OUT,0x03,N/A,63,1260,exact,NONE,HIGH,0,NOT_REPORTED,NOT_REPORTED,ACCEPTED
6,OUT,0x03,N/A,31,620,sub,NONE,HIGH,0,NOT_REPORTED,NOT_REPORTED,ACCEPTED
6,OUT,0x03,N/A,64,1280,oversize,NONE,HIGH,0,NOT_REPORTED,NOT_REPORTED,ACCEPTED
6,OUT,0x03,N/A,0,0,zero,SUBMIT_TRANSFER,HIGH,0x000006F8,UNOBSERVED,0,REJECTED
6,OUT,0x03,N/A,63,2016,exact,NONE,HIGH,0,NOT_REPORTED,NOT_REPORTED,ACCEPTED
6,OUT,0x03,N/A,31,992,sub,NONE,HIGH,0,NOT_REPORTED,NOT_REPORTED,ACCEPTED
6,OUT,0x03,N/A,64,2048,oversize,NONE,HIGH,0,NOT_REPORTED,NOT_REPORTED,ACCEPTED
6,OUT,0x03,N/A,0,0,zero,SUBMIT_TRANSFER,HIGH,0x000006F8,UNOBSERVED,0,REJECTED
6,OUT,0x03,N/A,63,4032,exact,NONE,HIGH,0,NOT_REPORTED,NOT_REPORTED,ACCEPTED
6,OUT,0x03,N/A,31,1984,sub,NONE,HIGH,0,NOT_REPORTED,NOT_REPORTED,ACCEPTED
6,OUT,0x03,N/A,64,4096,oversize,NONE,HIGH,0,NOT_REPORTED,NOT_REPORTED,ACCEPTED
6,OUT,0x03,N/A,0,0,zero,SUBMIT_TRANSFER,HIGH,0x000006F8,UNOBSERVED,0,REJECTED
6,IN,0x83,1,63,63,exact,NONE,HIGH,0,0x00000000,63,ACCEPTED
6,IN,0x83,1,31,31,sub,COMPLETION,HIGH,0x0000007A,UNOBSERVED,0,REJECTED
6,IN,0x83,1,64,64,oversize,SUBMIT_TRANSFER,HIGH,0x000006F8,UNOBSERVED,0,REJECTED
6,IN,0x83,1,0,0,zero,SUBMIT_TRANSFER,HIGH,0x00000057,UNOBSERVED,0,REJECTED
6,IN,0x83,2,63,126,exact,NONE,HIGH,0,0x00000000,126,ACCEPTED
6,IN,0x83,2,31,62,sub,COMPLETION,HIGH,0x0000007A,UNOBSERVED,0,REJECTED
6,IN,0x83,2,64,128,oversize,SUBMIT_TRANSFER,HIGH,0x000006F8,UNOBSERVED,0,REJECTED
6,IN,0x83,2,0,0,zero,SUBMIT_TRANSFER,HIGH,0x00000057,UNOBSERVED,0,REJECTED
6,IN,0x83,4,63,252,exact,NONE,HIGH,0,0x00000000,252,ACCEPTED
6,IN,0x83,4,31,124,sub,COMPLETION,HIGH,0x0000007A,UNOBSERVED,0,REJECTED
6,IN,0x83,4,64,256,oversize,SUBMIT_TRANSFER,HIGH,0x000006F8,UNOBSERVED,0,REJECTED
6,IN,0x83,4,0,0,zero,SUBMIT_TRANSFER,HIGH,0x00000057,UNOBSERVED,0,REJECTED
6,IN,0x83,8,63,504,exact,NONE,HIGH,0,0x00000000,504,ACCEPTED
6,IN,0x83,8,31,248,sub,COMPLETION,HIGH,0x0000007A,UNOBSERVED,0,REJECTED
6,IN,0x83,8,64,512,oversize,SUBMIT_TRANSFER,HIGH,0x000006F8,UNOBSERVED,0,REJECTED
6,IN,0x83,8,0,0,zero,SUBMIT_TRANSFER,HIGH,0x00000057,UNOBSERVED,0,REJECTED
6,IN,0x83,10,63,630,exact,NONE,HIGH,0,0x00000000,630,ACCEPTED
6,IN,0x83,10,31,310,sub,COMPLETION,HIGH,0x0000007A,UNOBSERVED,0,REJECTED
6,IN,0x83,10,64,640,oversize,SUBMIT_TRANSFER,HIGH,0x000006F8,UNOBSERVED,0,REJECTED
6,IN,0x83,10,0,0,zero,SUBMIT_TRANSFER,HIGH,0x00000057,UNOBSERVED,0,REJECTED
6,IN,0x83,16,63,1008,exact,NONE,HIGH,0,0x00000000,1008,ACCEPTED
6,IN,0x83,16,31,496,sub,COMPLETION,HIGH,0x0000007A,UNOBSERVED,0,REJECTED
6,IN,0x83,16,64,1024,oversize,SUBMIT_TRANSFER,HIGH,0x000006F8,UNOBSERVED,0,REJECTED
6,IN,0x83,16,0,0,zero,SUBMIT_TRANSFER,HIGH,0x00000057,UNOBSERVED,0,REJECTED
6,IN,0x83,20,63,1260,exact,NONE,HIGH,0,0x00000000,1260,ACCEPTED
6,IN,0x83,20,31,620,sub,COMPLETION,HIGH,0x0000007A,UNOBSERVED,0,REJECTED
6,IN,0x83,20,64,1280,oversize,SUBMIT_TRANSFER,HIGH,0x000006F8,UNOBSERVED,0,REJECTED
6,IN,0x83,20,0,0,zero,SUBMIT_TRANSFER,HIGH,0x00000057,UNOBSERVED,0,REJECTED
6,IN,0x83,32,63,2016,exact,NONE,HIGH,0,0x00000000,2016,ACCEPTED
6,IN,0x83,32,31,992,sub,COMPLETION,HIGH,0x0000007A,UNOBSERVED,0,REJECTED
6,IN,0x83,32,64,2048,oversize,SUBMIT_TRANSFER,HIGH,0x000006F8,UNOBSERVED,0,REJECTED
6,IN,0x83,32,0,0,zero,SUBMIT_TRANSFER,HIGH,0x00000057,UNOBSERVED,0,REJECTED
6,IN,0x83,64,63,4032,exact,NONE,HIGH,0,0x00000000,4032,ACCEPTED
6,IN,0x83,64,31,1984,sub,COMPLETION,HIGH,0x0000007A,UNOBSERVED,0,REJECTED
6,IN,0x83,64,64,4096,oversize,SUBMIT_TRANSFER,HIGH,0x000006F8,UNOBSERVED,0,REJECTED
6,IN,0x83,64,0,0,zero,SUBMIT_TRANSFER,HIGH,0x00000057,UNOBSERVED,0,REJECTED
# Harness build: Sep  8 2026 15:29:49
